recipeTitle,tags,image
Croque-Monsieur Breakfast Casserole,breakfast salty easy,croque-monsieur-articleLarge.jpg
Breakfast Carbonara,breakfast salty ,breakfast_carbonara.jpg
Chia Seed Breakfast Pudding,breakfast sweet,
Filipino-Style Breakfast Sandwiches,breakfast savory,
"Bacon, Egg and Cheese Breakfast Casserole",breakfast salty,
Hummus Wrap,lunch salty healthy,hummas_wrap.jpg
Spicy Grilled Zucchini,lunch spicy salty healthy,
"Vegan Pho With Carrots, Noodles and Edamame",lunch salty healthy vegan,
Panzanella With Mozzarella and Herbs,lunch salty ,
"Linguine With Chickpeas, Broccoli and Ricotta",dinner salty easy,
Creamy Pasta With Smoked Bacon and Peas,dinner salty easy,
Spicy Roasted Chicken Thighs,dinner spicy easy,
Pecan Pie Truffles,dessert sweet,
Vegan Chocolate Chip Cookies,dessert sweet,
Banana Cream Pie No-Churn Ice Cream,dessert sweet ,
Spicy Hot Chocolate,dessert sweet spicy,
Classic Zucchini Bread,snack salty,
Parmesan Cream Crackers,snack salty easy,
Crisp Nori Chips With Toasted Sesame Oil,snack salty easy,
5-Minute Hummus,snack salty easy healthy,